time_brute_force,total_time_with_analysis,analysis_time,time_mc_refined,diff
1.7591185569763184,5.7147839069366455,4.658681154251099,1.0561027526855469,-3.24866330599091
